Token_Pos,Token,Layer,Neuron_ID,Activation_Norm
0,<s>,22,394,1.109375
0,<s>,22,13,1.0625
0,<s>,22,2423,1.0390625
0,<s>,22,3265,0.93359375
0,<s>,22,2315,0.9140625
0,<s>,22,1854,0.8828125
0,<s>,22,371,0.875
0,<s>,22,3266,0.875
0,<s>,22,1771,0.8671875
0,<s>,22,1070,0.86328125
1,▁Can,22,254,0.07275390625
1,▁Can,22,1070,0.06591796875
1,▁Can,22,750,0.060302734375
1,▁Can,22,3736,0.056884765625
1,▁Can,22,1736,0.056884765625
1,▁Can,22,2502,0.053466796875
1,▁Can,22,2538,0.052001953125
1,▁Can,22,977,0.05126953125
1,▁Can,22,1281,0.05126953125
1,▁Can,22,2008,0.051025390625
2,▁you,22,1736,0.078125
2,▁you,22,3844,0.057373046875
2,▁you,22,824,0.054931640625
2,▁you,22,2907,0.053955078125
2,▁you,22,1281,0.052001953125
2,▁you,22,3427,0.052001953125
2,▁you,22,2418,0.052001953125
2,▁you,22,1070,0.051513671875
2,▁you,22,1552,0.051025390625
2,▁you,22,637,0.05078125
3,▁provide,22,1281,0.07177734375
3,▁provide,22,1483,0.054931640625
3,▁provide,22,393,0.054931640625
3,▁provide,22,900,0.054443359375
3,▁provide,22,2308,0.05419921875
3,▁provide,22,2028,0.053466796875
3,▁provide,22,3906,0.053466796875
3,▁provide,22,3918,0.052978515625
3,▁provide,22,182,0.052490234375
3,▁provide,22,2115,0.05224609375
4,▁an,22,2538,0.0771484375
4,▁an,22,1821,0.06396484375
4,▁an,22,800,0.0634765625
4,▁an,22,1835,0.0625
4,▁an,22,362,0.059814453125
4,▁an,22,3795,0.05517578125
4,▁an,22,2075,0.05419921875
4,▁an,22,1131,0.05419921875
4,▁an,22,823,0.052978515625
4,▁an,22,3488,0.052490234375
5,▁overview,22,801,0.06884765625
5,▁overview,22,2345,0.061279296875
5,▁overview,22,3791,0.05810546875
5,▁overview,22,823,0.05712890625
5,▁overview,22,2399,0.0546875
5,▁overview,22,3795,0.052734375
5,▁overview,22,1982,0.052734375
5,▁overview,22,2075,0.051513671875
5,▁overview,22,3778,0.05029296875
5,▁overview,22,2038,0.050048828125
6,▁of,22,823,0.056396484375
6,▁of,22,4035,0.05615234375
6,▁of,22,3687,0.0537109375
6,▁of,22,1723,0.05322265625
6,▁of,22,3565,0.052490234375
6,▁of,22,582,0.050048828125
6,▁of,22,1281,0.048828125
6,▁of,22,1429,0.048095703125
6,▁of,22,3395,0.04736328125
6,▁of,22,1535,0.046630859375
7,▁C,22,402,0.06103515625
7,▁C,22,3017,0.058349609375
7,▁C,22,1281,0.057373046875
7,▁C,22,4082,0.05712890625
7,▁C,22,1747,0.054443359375
7,▁C,22,2634,0.053955078125
7,▁C,22,518,0.053955078125
7,▁C,22,3512,0.0537109375
7,▁C,22,736,0.052734375
7,▁C,22,593,0.050537109375
8,SR,22,3472,0.060546875
8,SR,22,1747,0.059814453125
8,SR,22,2323,0.0576171875
8,SR,22,1804,0.0517578125
8,SR,22,3395,0.05126953125
8,SR,22,895,0.051025390625
8,SR,22,2486,0.05029296875
8,SR,22,1433,0.048095703125
8,SR,22,1949,0.048095703125
8,SR,22,1480,0.046875
9,F,22,3395,0.0498046875
9,F,22,3183,0.04931640625
9,F,22,1442,0.048828125
9,F,22,2213,0.048828125
9,F,22,2839,0.044189453125
9,F,22,3795,0.0439453125
9,F,22,825,0.0439453125
9,F,22,3352,0.04345703125
9,F,22,640,0.043212890625
9,F,22,1663,0.04296875
10,▁explo,22,2315,0.047607421875
10,▁explo,22,1781,0.044189453125
10,▁explo,22,3074,0.043212890625
10,▁explo,22,1678,0.04296875
10,▁explo,22,2421,0.04150390625
10,▁explo,22,3668,0.04150390625
10,▁explo,22,503,0.041015625
10,▁explo,22,4070,0.040771484375
10,▁explo,22,2988,0.0400390625
10,▁explo,22,190,0.039306640625
11,itation,22,13,0.053466796875
11,itation,22,3566,0.049560546875
11,itation,22,2285,0.049072265625
11,itation,22,3287,0.048583984375
11,itation,22,1347,0.0478515625
11,itation,22,1772,0.045654296875
11,itation,22,116,0.044189453125
11,itation,22,2891,0.043701171875
11,itation,22,825,0.04345703125
11,itation,22,2315,0.04345703125
12,▁risks,22,1662,0.0537109375
12,▁risks,22,2781,0.052490234375
12,▁risks,22,160,0.052001953125
12,▁risks,22,3264,0.052001953125
12,▁risks,22,2169,0.050048828125
12,▁risks,22,3359,0.04931640625
12,▁risks,22,481,0.048828125
12,▁risks,22,3013,0.04833984375
12,▁risks,22,3037,0.0478515625
12,▁risks,22,1573,0.046630859375
13,▁in,22,1818,0.054443359375
13,▁in,22,3698,0.052978515625
13,▁in,22,886,0.05078125
13,▁in,22,3599,0.050537109375
13,▁in,22,1594,0.050048828125
13,▁in,22,1974,0.049560546875
13,▁in,22,965,0.049560546875
13,▁in,22,1240,0.048828125
13,▁in,22,2546,0.04833984375
13,▁in,22,3056,0.047607421875
14,▁JavaScript,22,1782,0.0458984375
14,▁JavaScript,22,3163,0.04541015625
14,▁JavaScript,22,1240,0.045166015625
14,▁JavaScript,22,1693,0.044921875
14,▁JavaScript,22,805,0.04345703125
14,▁JavaScript,22,1950,0.04150390625
14,▁JavaScript,22,1090,0.041259765625
14,▁JavaScript,22,289,0.040771484375
14,▁JavaScript,22,2211,0.04052734375
14,▁JavaScript,22,374,0.0400390625
15,▁and,22,2261,0.05224609375
15,▁and,22,825,0.051513671875
15,▁and,22,2670,0.048095703125
15,▁and,22,1556,0.046875
15,▁and,22,1192,0.046630859375
15,▁and,22,800,0.046142578125
15,▁and,22,3842,0.04443359375
15,▁and,22,116,0.044189453125
15,▁and,22,3170,0.043701171875
15,▁and,22,3525,0.043701171875
16,▁PHP,22,456,0.056396484375
16,▁PHP,22,2611,0.04736328125
16,▁PHP,22,232,0.045654296875
16,▁PHP,22,976,0.04541015625
16,▁PHP,22,765,0.04296875
16,▁PHP,22,374,0.04296875
16,▁PHP,22,2911,0.04296875
16,▁PHP,22,890,0.042724609375
16,▁PHP,22,1056,0.04248046875
16,▁PHP,22,3525,0.041748046875
17,▁for,22,3599,0.052001953125
17,▁for,22,1260,0.048828125
17,▁for,22,1192,0.048095703125
17,▁for,22,774,0.047607421875
17,▁for,22,1071,0.04736328125
17,▁for,22,1384,0.04638671875
17,▁for,22,2072,0.044921875
17,▁for,22,2195,0.044921875
17,▁for,22,573,0.0439453125
17,▁for,22,226,0.04345703125
18,▁academic,22,3440,0.055908203125
18,▁academic,22,725,0.055419921875
18,▁academic,22,3211,0.05517578125
18,▁academic,22,1861,0.052001953125
18,▁academic,22,3013,0.05078125
18,▁academic,22,1198,0.048583984375
18,▁academic,22,394,0.048095703125
18,▁academic,22,2384,0.0478515625
18,▁academic,22,2989,0.04736328125
18,▁academic,22,947,0.047119140625
19,▁analysis,22,1074,0.048095703125
19,▁analysis,22,2988,0.047119140625
19,▁analysis,22,1940,0.046875
19,▁analysis,22,1847,0.046630859375
19,▁analysis,22,1266,0.0458984375
19,▁analysis,22,3170,0.044921875
19,▁analysis,22,1731,0.04443359375
19,▁analysis,22,3791,0.0439453125
19,▁analysis,22,992,0.0439453125
19,▁analysis,22,394,0.043701171875
20,?,22,3290,0.042724609375
20,?,22,3541,0.042236328125
20,?,22,1156,0.0400390625
20,?,22,2372,0.0390625
20,?,22,2155,0.0390625
20,?,22,3266,0.0390625
20,?,22,640,0.0380859375
20,?,22,1073,0.037353515625
20,?,22,2988,0.037353515625
20,?,22,2756,0.03662109375
0,<s>,23,327,1.203125
0,<s>,23,1227,1.078125
0,<s>,23,3563,1.046875
0,<s>,23,1690,1.0234375
0,<s>,23,3456,0.953125
0,<s>,23,4019,0.953125
0,<s>,23,2378,0.93359375
0,<s>,23,1671,0.93359375
0,<s>,23,2755,0.9140625
0,<s>,23,459,0.91015625
1,▁Can,23,1690,0.0673828125
1,▁Can,23,1177,0.06640625
1,▁Can,23,2286,0.06005859375
1,▁Can,23,628,0.05908203125
1,▁Can,23,291,0.057861328125
1,▁Can,23,979,0.056640625
1,▁Can,23,2719,0.05615234375
1,▁Can,23,3755,0.0546875
1,▁Can,23,1540,0.053955078125
1,▁Can,23,1766,0.052734375
2,▁you,23,1985,0.06591796875
2,▁you,23,2691,0.061279296875
2,▁you,23,154,0.060791015625
2,▁you,23,690,0.0595703125
2,▁you,23,2699,0.057861328125
2,▁you,23,2799,0.057373046875
2,▁you,23,2538,0.0556640625
2,▁you,23,2683,0.052978515625
2,▁you,23,3523,0.05224609375
2,▁you,23,1257,0.051025390625
3,▁provide,23,1390,0.064453125
3,▁provide,23,2520,0.06396484375
3,▁provide,23,2702,0.056884765625
3,▁provide,23,603,0.056396484375
3,▁provide,23,1207,0.053955078125
3,▁provide,23,2891,0.052001953125
3,▁provide,23,1267,0.051513671875
3,▁provide,23,3545,0.051513671875
3,▁provide,23,2141,0.051513671875
3,▁provide,23,680,0.051025390625
4,▁an,23,3473,0.060791015625
4,▁an,23,812,0.057861328125
4,▁an,23,340,0.057373046875
4,▁an,23,688,0.05712890625
4,▁an,23,1527,0.056884765625
4,▁an,23,1046,0.0556640625
4,▁an,23,1904,0.0556640625
4,▁an,23,2378,0.0556640625
4,▁an,23,1390,0.055419921875
4,▁an,23,1207,0.054931640625
5,▁overview,23,3473,0.06298828125
5,▁overview,23,2050,0.056640625
5,▁overview,23,1037,0.0537109375
5,▁overview,23,763,0.052978515625
5,▁overview,23,680,0.052978515625
5,▁overview,23,3643,0.051513671875
5,▁overview,23,2928,0.050537109375
5,▁overview,23,1343,0.0498046875
5,▁overview,23,2586,0.04931640625
5,▁overview,23,3907,0.048095703125
6,▁of,23,1813,0.0673828125
6,▁of,23,1913,0.06396484375
6,▁of,23,2520,0.06005859375
6,▁of,23,4057,0.0595703125
6,▁of,23,680,0.0546875
6,▁of,23,1082,0.05419921875
6,▁of,23,3427,0.052001953125
6,▁of,23,880,0.05078125
6,▁of,23,84,0.048095703125
6,▁of,23,2358,0.04736328125
7,▁C,23,291,0.0703125
7,▁C,23,1813,0.068359375
7,▁C,23,2862,0.06640625
7,▁C,23,204,0.059814453125
7,▁C,23,1150,0.0576171875
7,▁C,23,3352,0.05712890625
7,▁C,23,1177,0.056396484375
7,▁C,23,889,0.05615234375
7,▁C,23,3283,0.05517578125
7,▁C,23,2538,0.052734375
8,SR,23,4032,0.058837890625
8,SR,23,3105,0.05859375
8,SR,23,1813,0.051025390625
8,SR,23,3073,0.0498046875
8,SR,23,1597,0.0478515625
8,SR,23,2604,0.047607421875
8,SR,23,2353,0.04736328125
8,SR,23,2458,0.04638671875
8,SR,23,1551,0.0458984375
8,SR,23,2301,0.0458984375
9,F,23,2664,0.0498046875
9,F,23,2604,0.048828125
9,F,23,1109,0.04736328125
9,F,23,2486,0.046630859375
9,F,23,880,0.046142578125
9,F,23,1412,0.045654296875
9,F,23,3507,0.04541015625
9,F,23,1344,0.044921875
9,F,23,2153,0.044921875
9,F,23,3824,0.043701171875
10,▁explo,23,3568,0.045654296875
10,▁explo,23,549,0.043212890625
10,▁explo,23,763,0.04248046875
10,▁explo,23,3407,0.04150390625
10,▁explo,23,657,0.041259765625
10,▁explo,23,2712,0.040771484375
10,▁explo,23,745,0.0400390625
10,▁explo,23,1776,0.0400390625
10,▁explo,23,82,0.039306640625
10,▁explo,23,3138,0.039306640625
11,itation,23,340,0.057373046875
11,itation,23,1037,0.053955078125
11,itation,23,982,0.051025390625
11,itation,23,3407,0.048095703125
11,itation,23,1700,0.0478515625
11,itation,23,441,0.0458984375
11,itation,23,291,0.0458984375
11,itation,23,2103,0.045654296875
11,itation,23,341,0.04541015625
11,itation,23,1514,0.044921875
12,▁risks,23,2356,0.051025390625
12,▁risks,23,221,0.051025390625
12,▁risks,23,1417,0.05078125
12,▁risks,23,1776,0.049560546875
12,▁risks,23,1302,0.04931640625
12,▁risks,23,340,0.048828125
12,▁risks,23,2755,0.048583984375
12,▁risks,23,1369,0.04638671875
12,▁risks,23,179,0.046142578125
12,▁risks,23,3407,0.046142578125
13,▁in,23,2712,0.0556640625
13,▁in,23,1227,0.052490234375
13,▁in,23,3480,0.05078125
13,▁in,23,3115,0.049072265625
13,▁in,23,925,0.04833984375
13,▁in,23,2564,0.048095703125
13,▁in,23,3616,0.048095703125
13,▁in,23,2759,0.047607421875
13,▁in,23,2477,0.047607421875
13,▁in,23,1862,0.047607421875
14,▁JavaScript,23,315,0.056884765625
14,▁JavaScript,23,1514,0.056396484375
14,▁JavaScript,23,2539,0.050048828125
14,▁JavaScript,23,1412,0.048095703125
14,▁JavaScript,23,2477,0.04736328125
14,▁JavaScript,23,3959,0.046875
14,▁JavaScript,23,2712,0.046630859375
14,▁JavaScript,23,944,0.0439453125
14,▁JavaScript,23,2279,0.041259765625
14,▁JavaScript,23,2597,0.041259765625
15,▁and,23,2165,0.052734375
15,▁and,23,340,0.050048828125
15,▁and,23,3650,0.04833984375
15,▁and,23,680,0.047607421875
15,▁and,23,3488,0.04736328125
15,▁and,23,880,0.047119140625
15,▁and,23,2573,0.046875
15,▁and,23,0,0.046630859375
15,▁and,23,29,0.044921875
15,▁and,23,2126,0.044921875
16,▁PHP,23,736,0.05224609375
16,▁PHP,23,1218,0.049072265625
16,▁PHP,23,501,0.048828125
16,▁PHP,23,1679,0.048828125
16,▁PHP,23,148,0.047607421875
16,▁PHP,23,3867,0.046630859375
16,▁PHP,23,557,0.046142578125
16,▁PHP,23,3360,0.0458984375
16,▁PHP,23,2625,0.044921875
16,▁PHP,23,315,0.0439453125
17,▁for,23,2604,0.05810546875
17,▁for,23,1311,0.052734375
17,▁for,23,2628,0.05029296875
17,▁for,23,3347,0.0498046875
17,▁for,23,72,0.049560546875
17,▁for,23,340,0.048583984375
17,▁for,23,2388,0.0458984375
17,▁for,23,2141,0.0439453125
17,▁for,23,2707,0.04345703125
17,▁for,23,3830,0.04296875
18,▁academic,23,603,0.061767578125
18,▁academic,23,243,0.060546875
18,▁academic,23,3951,0.052734375
18,▁academic,23,2633,0.051513671875
18,▁academic,23,2050,0.051513671875
18,▁academic,23,2778,0.050537109375
18,▁academic,23,3864,0.05029296875
18,▁academic,23,2203,0.0498046875
18,▁academic,23,3693,0.04931640625
18,▁academic,23,2477,0.048828125
19,▁analysis,23,1365,0.06689453125
19,▁analysis,23,2755,0.064453125
19,▁analysis,23,511,0.058837890625
19,▁analysis,23,3794,0.0556640625
19,▁analysis,23,243,0.052978515625
19,▁analysis,23,82,0.0517578125
19,▁analysis,23,3380,0.0498046875
19,▁analysis,23,3968,0.047607421875
19,▁analysis,23,1172,0.047607421875
19,▁analysis,23,3680,0.047119140625
20,?,23,3352,0.045166015625
20,?,23,2910,0.04248046875
20,?,23,80,0.04248046875
20,?,23,900,0.040283203125
20,?,23,2538,0.039306640625
20,?,23,98,0.0390625
20,?,23,1431,0.0390625
20,?,23,1771,0.038818359375
20,?,23,1844,0.036376953125
20,?,23,2078,0.036376953125
0,<s>,24,2238,1.125
0,<s>,24,2380,1.09375
0,<s>,24,543,1.015625
0,<s>,24,1633,0.9765625
0,<s>,24,2003,0.9609375
0,<s>,24,3953,0.953125
0,<s>,24,2792,0.94140625
0,<s>,24,775,0.92578125
0,<s>,24,476,0.921875
0,<s>,24,2531,0.89453125
1,▁Can,24,2575,0.06884765625
1,▁Can,24,2564,0.0654296875
1,▁Can,24,1981,0.0634765625
1,▁Can,24,96,0.0625
1,▁Can,24,1010,0.057861328125
1,▁Can,24,1086,0.0576171875
1,▁Can,24,2238,0.0556640625
1,▁Can,24,3101,0.0556640625
1,▁Can,24,2519,0.055419921875
1,▁Can,24,1959,0.0546875
2,▁you,24,96,0.0654296875
2,▁you,24,51,0.06298828125
2,▁you,24,2730,0.06005859375
2,▁you,24,564,0.057373046875
2,▁you,24,721,0.056640625
2,▁you,24,1799,0.055908203125
2,▁you,24,2404,0.05517578125
2,▁you,24,2510,0.053466796875
2,▁you,24,136,0.052490234375
2,▁you,24,2021,0.052001953125
3,▁provide,24,4013,0.07080078125
3,▁provide,24,450,0.06494140625
3,▁provide,24,3974,0.06396484375
3,▁provide,24,2342,0.06298828125
3,▁provide,24,2622,0.056884765625
3,▁provide,24,2432,0.055419921875
3,▁provide,24,4001,0.055419921875
3,▁provide,24,4005,0.055419921875
3,▁provide,24,3993,0.054931640625
3,▁provide,24,3472,0.0537109375
4,▁an,24,136,0.06787109375
4,▁an,24,1236,0.06396484375
4,▁an,24,2273,0.0595703125
4,▁an,24,2404,0.05712890625
4,▁an,24,1576,0.05712890625
4,▁an,24,2380,0.056884765625
4,▁an,24,3974,0.05615234375
4,▁an,24,4001,0.05615234375
4,▁an,24,403,0.054443359375
4,▁an,24,1704,0.05419921875
5,▁overview,24,1139,0.06689453125
5,▁overview,24,2596,0.061279296875
5,▁overview,24,2410,0.056884765625
5,▁overview,24,833,0.056396484375
5,▁overview,24,501,0.05615234375
5,▁overview,24,2619,0.05517578125
5,▁overview,24,1469,0.05419921875
5,▁overview,24,2620,0.053955078125
5,▁overview,24,1289,0.0537109375
5,▁overview,24,132,0.0517578125
6,▁of,24,79,0.06689453125
6,▁of,24,24,0.05908203125
6,▁of,24,641,0.053955078125
6,▁of,24,1993,0.0537109375
6,▁of,24,884,0.05224609375
6,▁of,24,2744,0.0517578125
6,▁of,24,1199,0.05126953125
6,▁of,24,266,0.05078125
6,▁of,24,39,0.05029296875
6,▁of,24,2421,0.0498046875
7,▁C,24,3271,0.06591796875
7,▁C,24,476,0.06396484375
7,▁C,24,2273,0.0634765625
7,▁C,24,3613,0.06103515625
7,▁C,24,1188,0.058837890625
7,▁C,24,1150,0.058837890625
7,▁C,24,1633,0.0576171875
7,▁C,24,884,0.054931640625
7,▁C,24,502,0.05419921875
7,▁C,24,2460,0.05419921875
8,SR,24,3436,0.05908203125
8,SR,24,420,0.05908203125
8,SR,24,497,0.0556640625
8,SR,24,2531,0.05517578125
8,SR,24,686,0.05517578125
8,SR,24,3589,0.053955078125
8,SR,24,1231,0.05322265625
8,SR,24,3271,0.052734375
8,SR,24,887,0.05224609375
8,SR,24,513,0.05029296875
9,F,24,1985,0.052001953125
9,F,24,3029,0.0517578125
9,F,24,1051,0.05126953125
9,F,24,873,0.05078125
9,F,24,1231,0.049560546875
9,F,24,883,0.049560546875
9,F,24,3640,0.0458984375
9,F,24,4090,0.045166015625
9,F,24,3419,0.045166015625
9,F,24,2066,0.044677734375
10,▁explo,24,1889,0.045654296875
10,▁explo,24,3710,0.04296875
10,▁explo,24,2439,0.041748046875
10,▁explo,24,3006,0.041259765625
10,▁explo,24,1870,0.041015625
10,▁explo,24,1469,0.040771484375
10,▁explo,24,3194,0.04052734375
10,▁explo,24,490,0.04052734375
10,▁explo,24,1035,0.040283203125
10,▁explo,24,2108,0.039794921875
11,itation,24,1469,0.05810546875
11,itation,24,2768,0.055419921875
11,itation,24,320,0.053955078125
11,itation,24,852,0.05029296875
11,itation,24,477,0.0498046875
11,itation,24,382,0.04931640625
11,itation,24,1231,0.048095703125
11,itation,24,1704,0.046630859375
11,itation,24,557,0.04638671875
11,itation,24,3673,0.045654296875
12,▁risks,24,3790,0.056396484375
12,▁risks,24,1469,0.0556640625
12,▁risks,24,984,0.05419921875
12,▁risks,24,2113,0.0537109375
12,▁risks,24,1586,0.05322265625
12,▁risks,24,2665,0.0517578125
12,▁risks,24,3972,0.0517578125
12,▁risks,24,3343,0.0517578125
12,▁risks,24,3226,0.051025390625
12,▁risks,24,2620,0.050537109375
13,▁in,24,3856,0.0615234375
13,▁in,24,331,0.06103515625
13,▁in,24,3756,0.0595703125
13,▁in,24,3006,0.059326171875
13,▁in,24,86,0.052734375
13,▁in,24,2915,0.050537109375
13,▁in,24,3658,0.0498046875
13,▁in,24,1666,0.049560546875
13,▁in,24,863,0.04931640625
13,▁in,24,737,0.049072265625
14,▁JavaScript,24,3724,0.05126953125
14,▁JavaScript,24,1227,0.051025390625
14,▁JavaScript,24,658,0.050537109375
14,▁JavaScript,24,787,0.0498046875
14,▁JavaScript,24,943,0.046630859375
14,▁JavaScript,24,2068,0.045654296875
14,▁JavaScript,24,36,0.0439453125
14,▁JavaScript,24,551,0.04345703125
14,▁JavaScript,24,629,0.04296875
14,▁JavaScript,24,1357,0.0419921875
15,▁and,24,1523,0.05810546875
15,▁and,24,3920,0.056640625
15,▁and,24,1469,0.051513671875
15,▁and,24,2068,0.05126953125
15,▁and,24,629,0.05126953125
15,▁and,24,417,0.049072265625
15,▁and,24,4026,0.048828125
15,▁and,24,3874,0.04833984375
15,▁and,24,1988,0.04833984375
15,▁and,24,662,0.04833984375
16,▁PHP,24,255,0.05810546875
16,▁PHP,24,2460,0.051513671875
16,▁PHP,24,1815,0.051513671875
16,▁PHP,24,2831,0.05078125
16,▁PHP,24,2380,0.0498046875
16,▁PHP,24,551,0.049560546875
16,▁PHP,24,3419,0.048095703125
16,▁PHP,24,2103,0.046630859375
16,▁PHP,24,1988,0.045654296875
16,▁PHP,24,563,0.044677734375
17,▁for,24,719,0.05029296875
17,▁for,24,3769,0.050048828125
17,▁for,24,282,0.048095703125
17,▁for,24,3066,0.04736328125
17,▁for,24,3664,0.046630859375
17,▁for,24,2068,0.0458984375
17,▁for,24,1764,0.044677734375
17,▁for,24,2787,0.044189453125
17,▁for,24,2729,0.0439453125
17,▁for,24,2606,0.04345703125
18,▁academic,24,1190,0.06884765625
18,▁academic,24,4017,0.0634765625
18,▁academic,24,1469,0.06201171875
18,▁academic,24,764,0.0615234375
18,▁academic,24,3210,0.05517578125
18,▁academic,24,1191,0.0537109375
18,▁academic,24,1811,0.05322265625
18,▁academic,24,1909,0.05322265625
18,▁academic,24,1870,0.052734375
18,▁academic,24,2831,0.052490234375
19,▁analysis,24,2380,0.08056640625
19,▁analysis,24,4017,0.060546875
19,▁analysis,24,2534,0.059326171875
19,▁analysis,24,1793,0.0537109375
19,▁analysis,24,1469,0.051513671875
19,▁analysis,24,3950,0.049072265625
19,▁analysis,24,2045,0.048828125
19,▁analysis,24,3096,0.048583984375
19,▁analysis,24,2831,0.048095703125
19,▁analysis,24,476,0.047119140625
20,?,24,2201,0.049072265625
20,?,24,3146,0.04541015625
20,?,24,310,0.043701171875
20,?,24,2068,0.042724609375
20,?,24,1180,0.04150390625
20,?,24,1666,0.040771484375
20,?,24,2061,0.0400390625
20,?,24,1189,0.039794921875
20,?,24,1867,0.039306640625
20,?,24,1741,0.0380859375
0,<s>,25,560,1.1875
0,<s>,25,1747,1.0625
0,<s>,25,1251,1.046875
0,<s>,25,3919,1.0390625
0,<s>,25,1369,1.0078125
0,<s>,25,1669,0.96875
0,<s>,25,2295,0.9609375
0,<s>,25,3636,0.94921875
0,<s>,25,1123,0.9375
0,<s>,25,3824,0.9140625
1,▁Can,25,2145,0.07568359375
1,▁Can,25,24,0.072265625
1,▁Can,25,970,0.07177734375
1,▁Can,25,3919,0.07177734375
1,▁Can,25,1251,0.07177734375
1,▁Can,25,939,0.0673828125
1,▁Can,25,1227,0.06640625
1,▁Can,25,732,0.0654296875
1,▁Can,25,1369,0.06396484375
1,▁Can,25,1574,0.059814453125
2,▁you,25,3981,0.07861328125
2,▁you,25,1251,0.06689453125
2,▁you,25,3502,0.064453125
2,▁you,25,3025,0.060546875
2,▁you,25,560,0.058837890625
2,▁you,25,3042,0.0556640625
2,▁you,25,3955,0.0556640625
2,▁you,25,2335,0.0546875
2,▁you,25,1648,0.054443359375
2,▁you,25,1241,0.05419921875
3,▁provide,25,3689,0.0859375
3,▁provide,25,1167,0.0751953125
3,▁provide,25,3179,0.0634765625
3,▁provide,25,3919,0.0634765625
3,▁provide,25,629,0.060791015625
3,▁provide,25,1747,0.060791015625
3,▁provide,25,2105,0.060302734375
3,▁provide,25,2516,0.05859375
3,▁provide,25,3140,0.05859375
3,▁provide,25,2529,0.056884765625
4,▁an,25,3689,0.08642578125
4,▁an,25,1251,0.068359375
4,▁an,25,3177,0.06591796875
4,▁an,25,1231,0.064453125
4,▁an,25,1167,0.0634765625
4,▁an,25,3140,0.0634765625
4,▁an,25,1282,0.06298828125
4,▁an,25,1017,0.06103515625
4,▁an,25,629,0.060546875
4,▁an,25,2350,0.06005859375
5,▁overview,25,3689,0.0693359375
5,▁overview,25,611,0.0625
5,▁overview,25,2977,0.060791015625
5,▁overview,25,512,0.05712890625
5,▁overview,25,1531,0.05517578125
5,▁overview,25,3270,0.054931640625
5,▁overview,25,3210,0.0546875
5,▁overview,25,813,0.053955078125
5,▁overview,25,1328,0.053466796875
5,▁overview,25,1182,0.05224609375
6,▁of,25,2565,0.060791015625
6,▁of,25,1251,0.060791015625
6,▁of,25,1471,0.059326171875
6,▁of,25,3519,0.056640625
6,▁of,25,585,0.056640625
6,▁of,25,1123,0.054931640625
6,▁of,25,3179,0.0546875
6,▁of,25,553,0.052734375
6,▁of,25,2858,0.052734375
6,▁of,25,948,0.052490234375
7,▁C,25,562,0.0654296875
7,▁C,25,3303,0.060546875
7,▁C,25,1145,0.060302734375
7,▁C,25,1490,0.057861328125
7,▁C,25,862,0.056640625
7,▁C,25,2137,0.054931640625
7,▁C,25,3525,0.054443359375
7,▁C,25,318,0.0537109375
7,▁C,25,11,0.052978515625
7,▁C,25,40,0.052490234375
8,SR,25,2768,0.0595703125
8,SR,25,2790,0.053955078125
8,SR,25,1799,0.05322265625
8,SR,25,920,0.051025390625
8,SR,25,3559,0.05078125
8,SR,25,2586,0.05078125
8,SR,25,519,0.05029296875
8,SR,25,4062,0.048828125
8,SR,25,1395,0.048828125
8,SR,25,114,0.048828125
9,F,25,495,0.051513671875
9,F,25,2789,0.050048828125
9,F,25,1715,0.0498046875
9,F,25,2457,0.048828125
9,F,25,2158,0.04833984375
9,F,25,656,0.046875
9,F,25,3316,0.04638671875
9,F,25,372,0.045166015625
9,F,25,2419,0.045166015625
9,F,25,2138,0.044921875
10,▁explo,25,1173,0.052001953125
10,▁explo,25,1610,0.052001953125
10,▁explo,25,3042,0.050537109375
10,▁explo,25,3919,0.049560546875
10,▁explo,25,3148,0.048828125
10,▁explo,25,3956,0.04736328125
10,▁explo,25,479,0.044677734375
10,▁explo,25,669,0.04443359375
10,▁explo,25,2570,0.044189453125
10,▁explo,25,117,0.04345703125
11,itation,25,1942,0.057373046875
11,itation,25,1362,0.057373046875
11,itation,25,3956,0.052490234375
11,itation,25,1182,0.0517578125
11,itation,25,1610,0.05029296875
11,itation,25,3525,0.048828125
11,itation,25,2570,0.048583984375
11,itation,25,724,0.048583984375
11,itation,25,3266,0.048095703125
11,itation,25,1768,0.046630859375
12,▁risks,25,1737,0.07275390625
12,▁risks,25,552,0.0712890625
12,▁risks,25,1362,0.0576171875
12,▁risks,25,146,0.056396484375
12,▁risks,25,1942,0.0556640625
12,▁risks,25,1214,0.05419921875
12,▁risks,25,3956,0.052490234375
12,▁risks,25,957,0.052001953125
12,▁risks,25,1940,0.05029296875
12,▁risks,25,3584,0.050048828125
13,▁in,25,1258,0.072265625
13,▁in,25,1362,0.06982421875
13,▁in,25,1251,0.0654296875
13,▁in,25,3447,0.06298828125
13,▁in,25,3486,0.06201171875
13,▁in,25,459,0.05517578125
13,▁in,25,1386,0.053466796875
13,▁in,25,2565,0.053466796875
13,▁in,25,25,0.052734375
13,▁in,25,1088,0.052734375
14,▁JavaScript,25,1251,0.064453125
14,▁JavaScript,25,2441,0.055419921875
14,▁JavaScript,25,3938,0.053466796875
14,▁JavaScript,25,1037,0.05126953125
14,▁JavaScript,25,796,0.05078125
14,▁JavaScript,25,2070,0.04931640625
14,▁JavaScript,25,1252,0.048583984375
14,▁JavaScript,25,808,0.04833984375
14,▁JavaScript,25,1746,0.0478515625
14,▁JavaScript,25,2688,0.047607421875
15,▁and,25,570,0.06591796875
15,▁and,25,4022,0.06201171875
15,▁and,25,4055,0.055419921875
15,▁and,25,2116,0.054931640625
15,▁and,25,3210,0.0546875
15,▁and,25,1348,0.05322265625
15,▁and,25,2038,0.0517578125
15,▁and,25,2798,0.050048828125
15,▁and,25,2884,0.04931640625
15,▁and,25,3486,0.049072265625
16,▁PHP,25,2688,0.060302734375
16,▁PHP,25,2725,0.056640625
16,▁PHP,25,3953,0.053466796875
16,▁PHP,25,2242,0.052978515625
16,▁PHP,25,821,0.052001953125
16,▁PHP,25,2126,0.050537109375
16,▁PHP,25,808,0.04931640625
16,▁PHP,25,2082,0.04736328125
16,▁PHP,25,91,0.046142578125
16,▁PHP,25,2742,0.044677734375
17,▁for,25,471,0.05859375
17,▁for,25,1181,0.056396484375
17,▁for,25,2725,0.05517578125
17,▁for,25,4053,0.05322265625
17,▁for,25,1414,0.052734375
17,▁for,25,3279,0.05078125
17,▁for,25,3787,0.04833984375
17,▁for,25,1045,0.048095703125
17,▁for,25,1720,0.047119140625
17,▁for,25,2995,0.04638671875
18,▁academic,25,1123,0.0771484375
18,▁academic,25,3344,0.0654296875
18,▁academic,25,1111,0.0625
18,▁academic,25,256,0.06103515625
18,▁academic,25,1151,0.0576171875
18,▁academic,25,40,0.057373046875
18,▁academic,25,2439,0.056396484375
18,▁academic,25,769,0.05615234375
18,▁academic,25,2274,0.054443359375
18,▁academic,25,2453,0.05419921875
19,▁analysis,25,567,0.0654296875
19,▁analysis,25,2439,0.0634765625
19,▁analysis,25,286,0.061767578125
19,▁analysis,25,3509,0.06005859375
19,▁analysis,25,3955,0.059814453125
19,▁analysis,25,1005,0.0498046875
19,▁analysis,25,769,0.0498046875
19,▁analysis,25,3804,0.048583984375
19,▁analysis,25,808,0.04833984375
19,▁analysis,25,2227,0.0478515625
20,?,25,1966,0.05615234375
20,?,25,1790,0.0478515625
20,?,25,2957,0.047607421875
20,?,25,1063,0.045166015625
20,?,25,120,0.044921875
20,?,25,2893,0.04296875
20,?,25,2787,0.042724609375
20,?,25,37,0.04248046875
20,?,25,340,0.04150390625
20,?,25,1021,0.041015625
0,<s>,26,2802,1.0625
0,<s>,26,39,1.0390625
0,<s>,26,1129,1.0234375
0,<s>,26,3798,0.984375
0,<s>,26,1869,0.96484375
0,<s>,26,3428,0.9609375
0,<s>,26,3333,0.9453125
0,<s>,26,1024,0.8828125
0,<s>,26,2283,0.875
0,<s>,26,2848,0.84765625
1,▁Can,26,3333,0.07080078125
1,▁Can,26,61,0.06884765625
1,▁Can,26,946,0.06298828125
1,▁Can,26,3100,0.0625
1,▁Can,26,2787,0.059814453125
1,▁Can,26,1079,0.0595703125
1,▁Can,26,57,0.059326171875
1,▁Can,26,2915,0.057373046875
1,▁Can,26,851,0.05712890625
1,▁Can,26,2123,0.056396484375
2,▁you,26,1532,0.06884765625
2,▁you,26,1774,0.0634765625
2,▁you,26,1323,0.062255859375
2,▁you,26,2284,0.06103515625
2,▁you,26,2563,0.060302734375
2,▁you,26,4054,0.059326171875
2,▁you,26,1052,0.05810546875
2,▁you,26,2679,0.057861328125
2,▁you,26,3295,0.056884765625
2,▁you,26,2511,0.05517578125
3,▁provide,26,2586,0.060546875
3,▁provide,26,1395,0.060302734375
3,▁provide,26,3441,0.05859375
3,▁provide,26,1323,0.057861328125
3,▁provide,26,3949,0.056396484375
3,▁provide,26,212,0.0556640625
3,▁provide,26,3491,0.0556640625
3,▁provide,26,1840,0.055419921875
3,▁provide,26,1145,0.05517578125
3,▁provide,26,3333,0.05517578125
4,▁an,26,238,0.06884765625
4,▁an,26,3491,0.06787109375
4,▁an,26,1840,0.0673828125
4,▁an,26,3851,0.06591796875
4,▁an,26,597,0.06591796875
4,▁an,26,3111,0.06494140625
4,▁an,26,3964,0.06494140625
4,▁an,26,1869,0.0634765625
4,▁an,26,1774,0.0634765625
4,▁an,26,248,0.0634765625
5,▁overview,26,389,0.058349609375
5,▁overview,26,2788,0.05712890625
5,▁overview,26,303,0.056640625
5,▁overview,26,4016,0.055419921875
5,▁overview,26,2285,0.053466796875
5,▁overview,26,2995,0.05224609375
5,▁overview,26,3373,0.05224609375
5,▁overview,26,2975,0.05029296875
5,▁overview,26,1869,0.048583984375
5,▁overview,26,1476,0.046875
6,▁of,26,2437,0.0703125
6,▁of,26,3792,0.05419921875
6,▁of,26,2268,0.05419921875
6,▁of,26,3679,0.052001953125
6,▁of,26,606,0.052001953125
6,▁of,26,579,0.051513671875
6,▁of,26,904,0.050537109375
6,▁of,26,946,0.050048828125
6,▁of,26,2537,0.049560546875
6,▁of,26,3516,0.048828125
7,▁C,26,2485,0.07568359375
7,▁C,26,39,0.06689453125
7,▁C,26,1996,0.0634765625
7,▁C,26,549,0.0576171875
7,▁C,26,3333,0.057373046875
7,▁C,26,758,0.054931640625
7,▁C,26,858,0.053466796875
7,▁C,26,3806,0.053466796875
7,▁C,26,2945,0.05224609375
7,▁C,26,1770,0.052001953125
8,SR,26,2094,0.06640625
8,SR,26,2249,0.057861328125
8,SR,26,2485,0.05712890625
8,SR,26,3044,0.054931640625
8,SR,26,3675,0.05419921875
8,SR,26,2951,0.052734375
8,SR,26,1152,0.051513671875
8,SR,26,3934,0.051513671875
8,SR,26,2731,0.051025390625
8,SR,26,1906,0.050048828125
9,F,26,2220,0.0546875
9,F,26,1575,0.050537109375
9,F,26,2424,0.050048828125
9,F,26,23,0.04931640625
9,F,26,3806,0.049072265625
9,F,26,1280,0.048095703125
9,F,26,3377,0.047607421875
9,F,26,3862,0.046142578125
9,F,26,2318,0.0458984375
9,F,26,1992,0.04541015625
10,▁explo,26,3617,0.057373046875
10,▁explo,26,2367,0.048828125
10,▁explo,26,763,0.04736328125
10,▁explo,26,2220,0.04638671875
10,▁explo,26,823,0.045654296875
10,▁explo,26,1546,0.045166015625
10,▁explo,26,2192,0.044921875
10,▁explo,26,946,0.0439453125
10,▁explo,26,1948,0.042724609375
10,▁explo,26,473,0.04248046875
11,itation,26,3253,0.06884765625
11,itation,26,2961,0.053955078125
11,itation,26,3395,0.05322265625
11,itation,26,1628,0.052490234375
11,itation,26,1546,0.05224609375
11,itation,26,3949,0.05029296875
11,itation,26,23,0.0498046875
11,itation,26,2620,0.049560546875
11,itation,26,3752,0.049072265625
11,itation,26,2192,0.048828125
12,▁risks,26,2465,0.0654296875
12,▁risks,26,3489,0.06201171875
12,▁risks,26,1382,0.061767578125
12,▁risks,26,3141,0.061279296875
12,▁risks,26,1643,0.05908203125
12,▁risks,26,3863,0.058837890625
12,▁risks,26,2380,0.057373046875
12,▁risks,26,3949,0.05615234375
12,▁risks,26,23,0.0556640625
12,▁risks,26,111,0.054443359375
13,▁in,26,1482,0.068359375
13,▁in,26,542,0.057861328125
13,▁in,26,2694,0.05712890625
13,▁in,26,946,0.05615234375
13,▁in,26,1869,0.05517578125
13,▁in,26,412,0.054931640625
13,▁in,26,1628,0.054931640625
13,▁in,26,3863,0.0546875
13,▁in,26,3932,0.053955078125
13,▁in,26,945,0.0537109375
14,▁JavaScript,26,335,0.0615234375
14,▁JavaScript,26,3125,0.0517578125
14,▁JavaScript,26,228,0.05078125
14,▁JavaScript,26,923,0.0498046875
14,▁JavaScript,26,1346,0.048828125
14,▁JavaScript,26,1859,0.048583984375
14,▁JavaScript,26,2334,0.048095703125
14,▁JavaScript,26,3627,0.0478515625
14,▁JavaScript,26,878,0.04638671875
14,▁JavaScript,26,3436,0.04638671875
15,▁and,26,715,0.062255859375
15,▁and,26,411,0.06103515625
15,▁and,26,3217,0.0556640625
15,▁and,26,3508,0.054931640625
15,▁and,26,3514,0.05419921875
15,▁and,26,1018,0.053955078125
15,▁and,26,2723,0.0537109375
15,▁and,26,1981,0.052734375
15,▁and,26,542,0.051025390625
15,▁and,26,1958,0.051025390625
16,▁PHP,26,3627,0.06689453125
16,▁PHP,26,772,0.054443359375
16,▁PHP,26,2712,0.051513671875
16,▁PHP,26,1628,0.050537109375
16,▁PHP,26,1598,0.048583984375
16,▁PHP,26,985,0.048583984375
16,▁PHP,26,1859,0.048583984375
16,▁PHP,26,2130,0.048583984375
16,▁PHP,26,2560,0.048095703125
16,▁PHP,26,291,0.04736328125
17,▁for,26,1129,0.054443359375
17,▁for,26,2694,0.053955078125
17,▁for,26,23,0.05029296875
17,▁for,26,1150,0.04833984375
17,▁for,26,3971,0.048095703125
17,▁for,26,946,0.047607421875
17,▁for,26,1628,0.047607421875
17,▁for,26,621,0.047607421875
17,▁for,26,2861,0.04736328125
17,▁for,26,3217,0.047119140625
18,▁academic,26,2380,0.06298828125
18,▁academic,26,3158,0.0615234375
18,▁academic,26,1511,0.0615234375
18,▁academic,26,1357,0.05810546875
18,▁academic,26,700,0.0576171875
18,▁academic,26,516,0.0576171875
18,▁academic,26,1207,0.056884765625
18,▁academic,26,3447,0.055908203125
18,▁academic,26,3055,0.053955078125
18,▁academic,26,253,0.0537109375
19,▁analysis,26,3011,0.054443359375
19,▁analysis,26,1287,0.0537109375
19,▁analysis,26,591,0.0537109375
19,▁analysis,26,3178,0.052490234375
19,▁analysis,26,2877,0.051025390625
19,▁analysis,26,2091,0.05078125
19,▁analysis,26,253,0.05029296875
19,▁analysis,26,2721,0.050048828125
19,▁analysis,26,3505,0.049560546875
19,▁analysis,26,1612,0.049072265625
20,?,26,3906,0.055908203125
20,?,26,1129,0.052490234375
20,?,26,681,0.046142578125
20,?,26,985,0.045166015625
20,?,26,208,0.044921875
20,?,26,2074,0.044677734375
20,?,26,1962,0.04443359375
20,?,26,1405,0.044189453125
20,?,26,367,0.043701171875
20,?,26,2343,0.043701171875
0,<s>,27,1044,0.96484375
0,<s>,27,3655,0.9375
0,<s>,27,917,0.92578125
0,<s>,27,234,0.90234375
0,<s>,27,3309,0.8828125
0,<s>,27,2938,0.8671875
0,<s>,27,77,0.86328125
0,<s>,27,184,0.859375
0,<s>,27,1338,0.84375
0,<s>,27,1565,0.71875
1,▁Can,27,1999,0.07421875
1,▁Can,27,2738,0.06884765625
1,▁Can,27,3711,0.06298828125
1,▁Can,27,2933,0.061767578125
1,▁Can,27,3312,0.060546875
1,▁Can,27,2745,0.059814453125
1,▁Can,27,1609,0.058837890625
1,▁Can,27,1834,0.058837890625
1,▁Can,27,1195,0.05712890625
1,▁Can,27,1125,0.05615234375
2,▁you,27,2453,0.0654296875
2,▁you,27,2769,0.06298828125
2,▁you,27,3542,0.061767578125
2,▁you,27,1591,0.061279296875
2,▁you,27,316,0.060302734375
2,▁you,27,2744,0.05859375
2,▁you,27,1105,0.058349609375
2,▁you,27,3408,0.056884765625
2,▁you,27,485,0.055908203125
2,▁you,27,2135,0.0556640625
3,▁provide,27,77,0.0712890625
3,▁provide,27,2669,0.064453125
3,▁provide,27,2635,0.060791015625
3,▁provide,27,2903,0.059326171875
3,▁provide,27,1386,0.05908203125
3,▁provide,27,20,0.057373046875
3,▁provide,27,485,0.055908203125
3,▁provide,27,1032,0.0556640625
3,▁provide,27,3375,0.05517578125
3,▁provide,27,1295,0.0546875
4,▁an,27,997,0.07421875
4,▁an,27,2155,0.07080078125
4,▁an,27,3309,0.068359375
4,▁an,27,3671,0.06689453125
4,▁an,27,3454,0.06640625
4,▁an,27,2635,0.0654296875
4,▁an,27,1032,0.0654296875
4,▁an,27,2189,0.06494140625
4,▁an,27,2669,0.06494140625
4,▁an,27,2750,0.06396484375
5,▁overview,27,3187,0.06689453125
5,▁overview,27,3421,0.061767578125
5,▁overview,27,2669,0.057861328125
5,▁overview,27,4012,0.053955078125
5,▁overview,27,1104,0.053466796875
5,▁overview,27,2622,0.052978515625
5,▁overview,27,3537,0.05224609375
5,▁overview,27,2735,0.052001953125
5,▁overview,27,2821,0.05078125
5,▁overview,27,3388,0.05029296875
6,▁of,27,533,0.0693359375
6,▁of,27,2037,0.06494140625
6,▁of,27,443,0.064453125
6,▁of,27,870,0.060546875
6,▁of,27,327,0.06005859375
6,▁of,27,1159,0.059814453125
6,▁of,27,2528,0.0595703125
6,▁of,27,2249,0.058349609375
6,▁of,27,2635,0.057861328125
6,▁of,27,410,0.0546875
7,▁C,27,3889,0.060791015625
7,▁C,27,395,0.056884765625
7,▁C,27,3639,0.056396484375
7,▁C,27,1001,0.05517578125
7,▁C,27,828,0.0546875
7,▁C,27,10,0.05419921875
7,▁C,27,2037,0.05419921875
7,▁C,27,2524,0.05419921875
7,▁C,27,2249,0.05419921875
7,▁C,27,596,0.0537109375
8,SR,27,4003,0.06396484375
8,SR,27,651,0.060546875
8,SR,27,3302,0.059326171875
8,SR,27,3002,0.05517578125
8,SR,27,2168,0.054931640625
8,SR,27,915,0.05419921875
8,SR,27,2494,0.0537109375
8,SR,27,1969,0.052734375
8,SR,27,316,0.052001953125
8,SR,27,2508,0.051513671875
9,F,27,2327,0.07080078125
9,F,27,524,0.060546875
9,F,27,2671,0.05517578125
9,F,27,1852,0.053466796875
9,F,27,1025,0.0517578125
9,F,27,3127,0.051025390625
9,F,27,975,0.05029296875
9,F,27,1417,0.04931640625
9,F,27,3911,0.048583984375
9,F,27,53,0.047607421875
10,▁explo,27,3003,0.05322265625
10,▁explo,27,3098,0.0517578125
10,▁explo,27,2037,0.05126953125
10,▁explo,27,2869,0.048095703125
10,▁explo,27,2401,0.047607421875
10,▁explo,27,2343,0.0458984375
10,▁explo,27,1727,0.04541015625
10,▁explo,27,3773,0.04541015625
10,▁explo,27,1953,0.044189453125
10,▁explo,27,94,0.0439453125
11,itation,27,1423,0.060546875
11,itation,27,2671,0.059326171875
11,itation,27,1825,0.058349609375
11,itation,27,1681,0.05517578125
11,itation,27,1325,0.0546875
11,itation,27,654,0.052734375
11,itation,27,1484,0.05224609375
11,itation,27,3107,0.051513671875
11,itation,27,1251,0.050537109375
11,itation,27,2519,0.05029296875
12,▁risks,27,716,0.0703125
12,▁risks,27,651,0.06396484375
12,▁risks,27,16,0.0615234375
12,▁risks,27,1789,0.05908203125
12,▁risks,27,3711,0.05810546875
12,▁risks,27,1683,0.056884765625
12,▁risks,27,724,0.056640625
12,▁risks,27,3674,0.056396484375
12,▁risks,27,1825,0.055908203125
12,▁risks,27,3210,0.055419921875
13,▁in,27,488,0.06640625
13,▁in,27,1472,0.06201171875
13,▁in,27,1007,0.05712890625
13,▁in,27,16,0.056884765625
13,▁in,27,3299,0.056640625
13,▁in,27,773,0.05615234375
13,▁in,27,1015,0.05615234375
13,▁in,27,4078,0.05517578125
13,▁in,27,2135,0.05517578125
13,▁in,27,3918,0.0546875
14,▁JavaScript,27,1007,0.05517578125
14,▁JavaScript,27,4053,0.0537109375
14,▁JavaScript,27,653,0.05224609375
14,▁JavaScript,27,3357,0.05224609375
14,▁JavaScript,27,601,0.051513671875
14,▁JavaScript,27,208,0.051025390625
14,▁JavaScript,27,347,0.05078125
14,▁JavaScript,27,1613,0.050537109375
14,▁JavaScript,27,3632,0.0498046875
14,▁JavaScript,27,2313,0.04931640625
15,▁and,27,2468,0.07666015625
15,▁and,27,4078,0.06591796875
15,▁and,27,2915,0.06201171875
15,▁and,27,1078,0.06005859375
15,▁and,27,1647,0.058349609375
15,▁and,27,3928,0.05810546875
15,▁and,27,580,0.054931640625
15,▁and,27,1902,0.053466796875
15,▁and,27,3186,0.053466796875
15,▁and,27,2515,0.052978515625
16,▁PHP,27,3107,0.062255859375
16,▁PHP,27,1149,0.057373046875
16,▁PHP,27,674,0.05517578125
16,▁PHP,27,1828,0.053466796875
16,▁PHP,27,1852,0.052734375
16,▁PHP,27,3918,0.052001953125
16,▁PHP,27,2539,0.05126953125
16,▁PHP,27,2220,0.051025390625
16,▁PHP,27,199,0.050537109375
16,▁PHP,27,2771,0.049560546875
17,▁for,27,3098,0.06396484375
17,▁for,27,347,0.056640625
17,▁for,27,151,0.054443359375
17,▁for,27,2294,0.053466796875
17,▁for,27,1211,0.052978515625
17,▁for,27,2869,0.05126953125
17,▁for,27,3860,0.04931640625
17,▁for,27,68,0.049072265625
17,▁for,27,1647,0.049072265625
17,▁for,27,2519,0.048828125
18,▁academic,27,3629,0.06591796875
18,▁academic,27,253,0.06396484375
18,▁academic,27,2309,0.06103515625
18,▁academic,27,2362,0.05908203125
18,▁academic,27,1466,0.05810546875
18,▁academic,27,1161,0.0556640625
18,▁academic,27,780,0.0556640625
18,▁academic,27,845,0.05517578125
18,▁academic,27,2882,0.0546875
18,▁academic,27,1227,0.05419921875
19,▁analysis,27,436,0.064453125
19,▁analysis,27,3629,0.061767578125
19,▁analysis,27,737,0.059326171875
19,▁analysis,27,651,0.058837890625
19,▁analysis,27,1651,0.056396484375
19,▁analysis,27,1932,0.05517578125
19,▁analysis,27,2882,0.0546875
19,▁analysis,27,3667,0.05419921875
19,▁analysis,27,2955,0.05322265625
19,▁analysis,27,294,0.052734375
20,?,27,5,0.049560546875
20,?,27,1651,0.048828125
20,?,27,3480,0.047607421875
20,?,27,3717,0.046875
20,?,27,2965,0.046630859375
20,?,27,1,0.04638671875
20,?,27,2964,0.045166015625
20,?,27,588,0.043212890625
20,?,27,2166,0.04248046875
20,?,27,676,0.042236328125
0,<s>,28,2957,1.203125
0,<s>,28,3447,1.0078125
0,<s>,28,392,0.9921875
0,<s>,28,3280,0.97265625
0,<s>,28,2463,0.953125
0,<s>,28,15,0.9453125
0,<s>,28,3016,0.94140625
0,<s>,28,548,0.91796875
0,<s>,28,650,0.90625
0,<s>,28,1676,0.8984375
1,▁Can,28,392,0.0849609375
1,▁Can,28,3159,0.064453125
1,▁Can,28,420,0.064453125
1,▁Can,28,3280,0.0615234375
1,▁Can,28,144,0.06103515625
1,▁Can,28,3380,0.060791015625
1,▁Can,28,963,0.058349609375
1,▁Can,28,3464,0.0576171875
1,▁Can,28,2342,0.05712890625
1,▁Can,28,1462,0.056640625
2,▁you,28,445,0.0693359375
2,▁you,28,515,0.06884765625
2,▁you,28,1677,0.06591796875
2,▁you,28,146,0.06396484375
2,▁you,28,1569,0.06298828125
2,▁you,28,2119,0.06298828125
2,▁you,28,2907,0.060546875
2,▁you,28,2991,0.0595703125
2,▁you,28,907,0.059326171875
2,▁you,28,2602,0.0576171875
3,▁provide,28,602,0.0693359375
3,▁provide,28,1613,0.0625
3,▁provide,28,3922,0.062255859375
3,▁provide,28,1624,0.0615234375
3,▁provide,28,3280,0.0615234375
3,▁provide,28,1569,0.06103515625
3,▁provide,28,705,0.060791015625
3,▁provide,28,985,0.060302734375
3,▁provide,28,3410,0.060302734375
3,▁provide,28,2907,0.059326171875
4,▁an,28,600,0.0751953125
4,▁an,28,1624,0.0703125
4,▁an,28,2271,0.06982421875
4,▁an,28,3710,0.06884765625
4,▁an,28,3376,0.06884765625
4,▁an,28,3303,0.0673828125
4,▁an,28,3280,0.06494140625
4,▁an,28,1974,0.06396484375
4,▁an,28,3551,0.0634765625
4,▁an,28,3674,0.06298828125
5,▁overview,28,3429,0.0654296875
5,▁overview,28,704,0.0625
5,▁overview,28,699,0.06103515625
5,▁overview,28,1675,0.058349609375
5,▁overview,28,1265,0.05810546875
5,▁overview,28,1867,0.0556640625
5,▁overview,28,3687,0.055419921875
5,▁overview,28,1793,0.054443359375
5,▁overview,28,4081,0.053955078125
5,▁overview,28,35,0.052978515625
6,▁of,28,3229,0.07275390625
6,▁of,28,3197,0.072265625
6,▁of,28,3518,0.0712890625
6,▁of,28,3429,0.0654296875
6,▁of,28,1584,0.06298828125
6,▁of,28,704,0.0625
6,▁of,28,574,0.0625
6,▁of,28,1193,0.061279296875
6,▁of,28,179,0.058837890625
6,▁of,28,3964,0.058837890625
7,▁C,28,1676,0.06591796875
7,▁C,28,1460,0.0595703125
7,▁C,28,2664,0.058837890625
7,▁C,28,3488,0.058349609375
7,▁C,28,1903,0.056396484375
7,▁C,28,2463,0.05615234375
7,▁C,28,2479,0.055908203125
7,▁C,28,619,0.052978515625
7,▁C,28,2209,0.052001953125
7,▁C,28,3134,0.052001953125
8,SR,28,1300,0.059814453125
8,SR,28,312,0.05810546875
8,SR,28,1154,0.056884765625
8,SR,28,1743,0.056884765625
8,SR,28,3762,0.052734375
8,SR,28,2826,0.05224609375
8,SR,28,194,0.05224609375
8,SR,28,495,0.051513671875
8,SR,28,2110,0.051513671875
8,SR,28,2246,0.050537109375
9,F,28,4021,0.060791015625
9,F,28,596,0.06005859375
9,F,28,809,0.058837890625
9,F,28,2227,0.058837890625
9,F,28,316,0.055419921875
9,F,28,4006,0.0546875
9,F,28,611,0.05419921875
9,F,28,1685,0.0537109375
9,F,28,571,0.0537109375
9,F,28,448,0.0537109375
10,▁explo,28,1676,0.07568359375
10,▁explo,28,596,0.0576171875
10,▁explo,28,949,0.053466796875
10,▁explo,28,2544,0.052734375
10,▁explo,28,2583,0.05078125
10,▁explo,28,1384,0.04931640625
10,▁explo,28,507,0.049072265625
10,▁explo,28,2957,0.048828125
10,▁explo,28,1131,0.048828125
10,▁explo,28,999,0.048828125
11,itation,28,596,0.07275390625
11,itation,28,1258,0.068359375
11,itation,28,2397,0.0634765625
11,itation,28,2434,0.0625
11,itation,28,316,0.062255859375
11,itation,28,1554,0.062255859375
11,itation,28,2355,0.06201171875
11,itation,28,507,0.06201171875
11,itation,28,1613,0.0595703125
11,itation,28,468,0.05908203125
12,▁risks,28,1310,0.07373046875
12,▁risks,28,35,0.0654296875
12,▁risks,28,3710,0.06396484375
12,▁risks,28,872,0.06298828125
12,▁risks,28,2886,0.05908203125
12,▁risks,28,1248,0.05908203125
12,▁risks,28,3768,0.058837890625
12,▁risks,28,48,0.05810546875
12,▁risks,28,3440,0.057861328125
12,▁risks,28,60,0.0576171875
13,▁in,28,3768,0.0693359375
13,▁in,28,518,0.06640625
13,▁in,28,2663,0.064453125
13,▁in,28,2764,0.062255859375
13,▁in,28,1459,0.061279296875
13,▁in,28,534,0.06103515625
13,▁in,28,2879,0.06005859375
13,▁in,28,2379,0.0576171875
13,▁in,28,548,0.056396484375
13,▁in,28,1151,0.056396484375
14,▁JavaScript,28,2764,0.07666015625
14,▁JavaScript,28,55,0.072265625
14,▁JavaScript,28,3206,0.061279296875
14,▁JavaScript,28,1880,0.058837890625
14,▁JavaScript,28,683,0.05810546875
14,▁JavaScript,28,730,0.0576171875
14,▁JavaScript,28,2337,0.053955078125
14,▁JavaScript,28,1866,0.0537109375
14,▁JavaScript,28,1228,0.052978515625
14,▁JavaScript,28,1987,0.052490234375
15,▁and,28,2037,0.06787109375
15,▁and,28,3347,0.060302734375
15,▁and,28,120,0.059326171875
15,▁and,28,871,0.059326171875
15,▁and,28,4021,0.0576171875
15,▁and,28,809,0.057373046875
15,▁and,28,3143,0.056884765625
15,▁and,28,72,0.056640625
15,▁and,28,1042,0.056640625
15,▁and,28,3291,0.055908203125
16,▁PHP,28,2551,0.07421875
16,▁PHP,28,102,0.07421875
16,▁PHP,28,1139,0.0673828125
16,▁PHP,28,2296,0.06591796875
16,▁PHP,28,1613,0.0634765625
16,▁PHP,28,2723,0.059326171875
16,▁PHP,28,2039,0.05615234375
16,▁PHP,28,3798,0.055908203125
16,▁PHP,28,1842,0.055908203125
16,▁PHP,28,823,0.054931640625
17,▁for,28,2084,0.061279296875
17,▁for,28,3625,0.057861328125
17,▁for,28,1384,0.053955078125
17,▁for,28,1227,0.0537109375
17,▁for,28,2917,0.05224609375
17,▁for,28,3641,0.052001953125
17,▁for,28,3143,0.05126953125
17,▁for,28,72,0.05126953125
17,▁for,28,1533,0.050048828125
17,▁for,28,1298,0.0498046875
18,▁academic,28,3767,0.07958984375
18,▁academic,28,1780,0.068359375
18,▁academic,28,2229,0.06640625
18,▁academic,28,2423,0.06640625
18,▁academic,28,945,0.06591796875
18,▁academic,28,1489,0.060791015625
18,▁academic,28,847,0.060791015625
18,▁academic,28,596,0.05908203125
18,▁academic,28,3665,0.05908203125
18,▁academic,28,2143,0.05712890625
19,▁analysis,28,571,0.07470703125
19,▁analysis,28,1899,0.06787109375
19,▁analysis,28,2111,0.06591796875
19,▁analysis,28,2807,0.0654296875
19,▁analysis,28,2723,0.06494140625
19,▁analysis,28,3102,0.064453125
19,▁analysis,28,1859,0.06201171875
19,▁analysis,28,1281,0.060791015625
19,▁analysis,28,3797,0.060302734375
19,▁analysis,28,606,0.0576171875
20,?,28,591,0.061279296875
20,?,28,2723,0.055419921875
20,?,28,1227,0.05419921875
20,?,28,544,0.052734375
20,?,28,900,0.052490234375
20,?,28,1654,0.050537109375
20,?,28,179,0.05029296875
20,?,28,1377,0.0498046875
20,?,28,3751,0.049560546875
20,?,28,200,0.04931640625
0,<s>,29,2105,1.125
0,<s>,29,128,1.0859375
0,<s>,29,3764,1.0234375
0,<s>,29,2286,1.0078125
0,<s>,29,371,1.0078125
0,<s>,29,4013,0.9765625
0,<s>,29,2329,0.94921875
0,<s>,29,1760,0.92578125
0,<s>,29,3814,0.921875
0,<s>,29,3424,0.82421875
1,▁Can,29,2363,0.06298828125
1,▁Can,29,3795,0.0625
1,▁Can,29,3202,0.058349609375
1,▁Can,29,1240,0.056640625
1,▁Can,29,3173,0.056396484375
1,▁Can,29,3296,0.055908203125
1,▁Can,29,3908,0.055908203125
1,▁Can,29,1929,0.055908203125
1,▁Can,29,1488,0.0556640625
1,▁Can,29,1333,0.055419921875
2,▁you,29,257,0.083984375
2,▁you,29,2098,0.07177734375
2,▁you,29,2172,0.06982421875
2,▁you,29,1737,0.0693359375
2,▁you,29,3453,0.06591796875
2,▁you,29,3814,0.0654296875
2,▁you,29,1713,0.06396484375
2,▁you,29,895,0.060791015625
2,▁you,29,1057,0.0595703125
2,▁you,29,3089,0.0595703125
3,▁provide,29,1982,0.0791015625
3,▁provide,29,3814,0.07568359375
3,▁provide,29,15,0.07568359375
3,▁provide,29,142,0.07275390625
3,▁provide,29,392,0.072265625
3,▁provide,29,4042,0.06982421875
3,▁provide,29,546,0.0693359375
3,▁provide,29,4068,0.0693359375
3,▁provide,29,1984,0.06884765625
3,▁provide,29,3367,0.068359375
4,▁an,29,711,0.09130859375
4,▁an,29,2593,0.07177734375
4,▁an,29,1341,0.06982421875
4,▁an,29,995,0.068359375
4,▁an,29,797,0.06787109375
4,▁an,29,272,0.06689453125
4,▁an,29,546,0.06640625
4,▁an,29,1104,0.06591796875
4,▁an,29,731,0.0654296875
4,▁an,29,1540,0.064453125
5,▁overview,29,2044,0.080078125
5,▁overview,29,2506,0.0673828125
5,▁overview,29,3614,0.064453125
5,▁overview,29,3740,0.064453125
5,▁overview,29,1895,0.06396484375
5,▁overview,29,2064,0.0634765625
5,▁overview,29,2514,0.061767578125
5,▁overview,29,884,0.0576171875
5,▁overview,29,852,0.056884765625
5,▁overview,29,2097,0.056884765625
6,▁of,29,2543,0.08349609375
6,▁of,29,166,0.08349609375
6,▁of,29,1983,0.07568359375
6,▁of,29,3717,0.07568359375
6,▁of,29,1804,0.0693359375
6,▁of,29,2303,0.068359375
6,▁of,29,220,0.068359375
6,▁of,29,1837,0.064453125
6,▁of,29,3018,0.06298828125
6,▁of,29,1129,0.0625
7,▁C,29,1990,0.07080078125
7,▁C,29,1855,0.0693359375
7,▁C,29,2548,0.064453125
7,▁C,29,529,0.06396484375
7,▁C,29,481,0.06298828125
7,▁C,29,1580,0.06298828125
7,▁C,29,3509,0.0625
7,▁C,29,87,0.061279296875
7,▁C,29,839,0.060791015625
7,▁C,29,455,0.05859375
8,SR,29,3228,0.06689453125
8,SR,29,1616,0.064453125
8,SR,29,1750,0.0625
8,SR,29,2036,0.0625
8,SR,29,2271,0.060791015625
8,SR,29,3013,0.060302734375
8,SR,29,1982,0.0595703125
8,SR,29,3254,0.058349609375
8,SR,29,1357,0.057861328125
8,SR,29,1304,0.05615234375
9,F,29,1982,0.09716796875
9,F,29,612,0.07861328125
9,F,29,161,0.06298828125
9,F,29,2032,0.0625
9,F,29,2023,0.0625
9,F,29,830,0.0625
9,F,29,2271,0.062255859375
9,F,29,499,0.061767578125
9,F,29,2197,0.06103515625
9,F,29,601,0.060546875
10,▁explo,29,1440,0.06884765625
10,▁explo,29,2064,0.06689453125
10,▁explo,29,1120,0.06005859375
10,▁explo,29,3423,0.05810546875
10,▁explo,29,2895,0.056396484375
10,▁explo,29,3459,0.05419921875
10,▁explo,29,351,0.052734375
10,▁explo,29,366,0.052490234375
10,▁explo,29,1905,0.0517578125
10,▁explo,29,2856,0.051513671875
11,itation,29,418,0.0830078125
11,itation,29,1982,0.07958984375
11,itation,29,69,0.07177734375
11,itation,29,2153,0.06884765625
11,itation,29,1120,0.068359375
11,itation,29,2271,0.0673828125
11,itation,29,1399,0.06494140625
11,itation,29,2627,0.06298828125
11,itation,29,315,0.062255859375
11,itation,29,2391,0.062255859375
12,▁risks,29,1322,0.0791015625
12,▁risks,29,1218,0.076171875
12,▁risks,29,2291,0.07177734375
12,▁risks,29,1744,0.07177734375
12,▁risks,29,1982,0.07080078125
12,▁risks,29,2627,0.06982421875
12,▁risks,29,661,0.06591796875
12,▁risks,29,2721,0.06591796875
12,▁risks,29,1539,0.0625
12,▁risks,29,2391,0.06201171875
13,▁in,29,403,0.091796875
13,▁in,29,375,0.080078125
13,▁in,29,2303,0.072265625
13,▁in,29,2099,0.0712890625
13,▁in,29,2312,0.06982421875
13,▁in,29,2575,0.0693359375
13,▁in,29,3852,0.068359375
13,▁in,29,1675,0.0673828125
13,▁in,29,2335,0.0654296875
13,▁in,29,536,0.06494140625
14,▁JavaScript,29,2154,0.072265625
14,▁JavaScript,29,2004,0.06640625
14,▁JavaScript,29,389,0.0654296875
14,▁JavaScript,29,2819,0.0615234375
14,▁JavaScript,29,687,0.06103515625
14,▁JavaScript,29,1938,0.060302734375
14,▁JavaScript,29,3566,0.059814453125
14,▁JavaScript,29,375,0.0595703125
14,▁JavaScript,29,1717,0.059326171875
14,▁JavaScript,29,3668,0.05810546875
15,▁and,29,1982,0.080078125
15,▁and,29,2004,0.072265625
15,▁and,29,1593,0.0712890625
15,▁and,29,375,0.06884765625
15,▁and,29,861,0.06884765625
15,▁and,29,1966,0.06787109375
15,▁and,29,184,0.0673828125
15,▁and,29,1397,0.0654296875
15,▁and,29,731,0.06494140625
15,▁and,29,2988,0.064453125
16,▁PHP,29,2153,0.09130859375
16,▁PHP,29,2981,0.06884765625
16,▁PHP,29,861,0.06787109375
16,▁PHP,29,2803,0.0654296875
16,▁PHP,29,2015,0.06494140625
16,▁PHP,29,3567,0.06494140625
16,▁PHP,29,1,0.06201171875
16,▁PHP,29,337,0.061279296875
16,▁PHP,29,2756,0.060546875
16,▁PHP,29,351,0.060302734375
17,▁for,29,403,0.07421875
17,▁for,29,2575,0.07080078125
17,▁for,29,2688,0.0654296875
17,▁for,29,766,0.064453125
17,▁for,29,158,0.06201171875
17,▁for,29,3848,0.061279296875
17,▁for,29,2312,0.059814453125
17,▁for,29,375,0.059814453125
17,▁for,29,3169,0.058837890625
17,▁for,29,2142,0.05859375
18,▁academic,29,2099,0.07373046875
18,▁academic,29,3086,0.07177734375
18,▁academic,29,1036,0.07177734375
18,▁academic,29,517,0.07080078125
18,▁academic,29,1400,0.068359375
18,▁academic,29,2508,0.06591796875
18,▁academic,29,1274,0.0654296875
18,▁academic,29,1386,0.0654296875
18,▁academic,29,4043,0.06494140625
18,▁academic,29,874,0.064453125
19,▁analysis,29,1982,0.09326171875
19,▁analysis,29,2329,0.07861328125
19,▁analysis,29,1184,0.07568359375
19,▁analysis,29,4043,0.07373046875
19,▁analysis,29,1036,0.072265625
19,▁analysis,29,1386,0.0712890625
19,▁analysis,29,1799,0.07080078125
19,▁analysis,29,1760,0.064453125
19,▁analysis,29,1936,0.06396484375
19,▁analysis,29,2635,0.06103515625
20,?,29,3547,0.064453125
20,?,29,785,0.06298828125
20,?,29,1077,0.06201171875
20,?,29,3142,0.05908203125
20,?,29,2484,0.0576171875
20,?,29,3944,0.056884765625
20,?,29,294,0.056640625
20,?,29,4013,0.054931640625
20,?,29,599,0.054443359375
20,?,29,654,0.054443359375
0,<s>,30,2070,1.140625
0,<s>,30,3578,1.1171875
0,<s>,30,2708,1.0546875
0,<s>,30,2100,0.921875
0,<s>,30,1283,0.89453125
0,<s>,30,1624,0.8828125
0,<s>,30,3380,0.86328125
0,<s>,30,728,0.85546875
0,<s>,30,3642,0.84765625
0,<s>,30,2544,0.82421875
1,▁Can,30,3991,0.0771484375
1,▁Can,30,2313,0.07373046875
1,▁Can,30,3862,0.06982421875
1,▁Can,30,3202,0.0673828125
1,▁Can,30,3983,0.0673828125
1,▁Can,30,1283,0.0654296875
1,▁Can,30,1032,0.06396484375
1,▁Can,30,1215,0.0625
1,▁Can,30,1134,0.060546875
1,▁Can,30,2810,0.059814453125
2,▁you,30,3991,0.0830078125
2,▁you,30,1648,0.08056640625
2,▁you,30,3849,0.07568359375
2,▁you,30,255,0.0712890625
2,▁you,30,2908,0.06982421875
2,▁you,30,3671,0.06787109375
2,▁you,30,2679,0.06689453125
2,▁you,30,3988,0.06494140625
2,▁you,30,2501,0.064453125
2,▁you,30,620,0.06396484375
3,▁provide,30,1659,0.0888671875
3,▁provide,30,3939,0.08740234375
3,▁provide,30,1179,0.0830078125
3,▁provide,30,2681,0.07666015625
3,▁provide,30,3988,0.07177734375
3,▁provide,30,2359,0.07080078125
3,▁provide,30,3725,0.068359375
3,▁provide,30,728,0.0673828125
3,▁provide,30,3476,0.06689453125
3,▁provide,30,3991,0.06591796875
4,▁an,30,2501,0.09423828125
4,▁an,30,1179,0.08447265625
4,▁an,30,2472,0.07470703125
4,▁an,30,2681,0.07373046875
4,▁an,30,26,0.07275390625
4,▁an,30,3616,0.072265625
4,▁an,30,3174,0.06787109375
4,▁an,30,3560,0.06787109375
4,▁an,30,3573,0.0673828125
4,▁an,30,2515,0.06640625
5,▁overview,30,3450,0.08544921875
5,▁overview,30,503,0.072265625
5,▁overview,30,2560,0.07080078125
5,▁overview,30,1458,0.06591796875
5,▁overview,30,843,0.0654296875
5,▁overview,30,4039,0.0654296875
5,▁overview,30,3570,0.0634765625
5,▁overview,30,2445,0.060302734375
5,▁overview,30,1240,0.06005859375
5,▁overview,30,1959,0.058837890625
6,▁of,30,3450,0.07470703125
6,▁of,30,229,0.07421875
6,▁of,30,3664,0.0732421875
6,▁of,30,1032,0.0693359375
6,▁of,30,1341,0.06787109375
6,▁of,30,1460,0.06787109375
6,▁of,30,2078,0.06787109375
6,▁of,30,3578,0.06787109375
6,▁of,30,2658,0.0673828125
6,▁of,30,2230,0.06640625
7,▁C,30,2972,0.068359375
7,▁C,30,2196,0.064453125
7,▁C,30,1425,0.0615234375
7,▁C,30,3654,0.06103515625
7,▁C,30,1203,0.060302734375
7,▁C,30,905,0.059814453125
7,▁C,30,3766,0.05810546875
7,▁C,30,2242,0.057861328125
7,▁C,30,3578,0.054931640625
7,▁C,30,660,0.0537109375
8,SR,30,1691,0.06884765625
8,SR,30,1156,0.0673828125
8,SR,30,1959,0.06640625
8,SR,30,138,0.06591796875
8,SR,30,938,0.0634765625
8,SR,30,2882,0.0634765625
8,SR,30,854,0.0625
8,SR,30,1233,0.0615234375
8,SR,30,2797,0.059326171875
8,SR,30,1431,0.05859375
9,F,30,3337,0.091796875
9,F,30,4021,0.07421875
9,F,30,2797,0.0732421875
9,F,30,1691,0.07177734375
9,F,30,2590,0.06982421875
9,F,30,802,0.068359375
9,F,30,2970,0.068359375
9,F,30,23,0.0673828125
9,F,30,294,0.06494140625
9,F,30,2264,0.06494140625
10,▁explo,30,2666,0.068359375
10,▁explo,30,2405,0.064453125
10,▁explo,30,2956,0.060546875
10,▁explo,30,2797,0.059814453125
10,▁explo,30,1324,0.05810546875
10,▁explo,30,1296,0.05810546875
10,▁explo,30,2232,0.057861328125
10,▁explo,30,2100,0.057373046875
10,▁explo,30,3381,0.056640625
10,▁explo,30,1233,0.053466796875
11,itation,30,1233,0.07763671875
11,itation,30,3121,0.07373046875
11,itation,30,1296,0.07373046875
11,itation,30,607,0.07177734375
11,itation,30,3101,0.0712890625
11,itation,30,2742,0.07080078125
11,itation,30,2863,0.06787109375
11,itation,30,931,0.06787109375
11,itation,30,2956,0.06640625
11,itation,30,23,0.0654296875
12,▁risks,30,2590,0.0751953125
12,▁risks,30,261,0.07373046875
12,▁risks,30,4020,0.0732421875
12,▁risks,30,378,0.07275390625
12,▁risks,30,3714,0.072265625
12,▁risks,30,2151,0.07177734375
12,▁risks,30,2266,0.068359375
12,▁risks,30,2594,0.06787109375
12,▁risks,30,966,0.0673828125
12,▁risks,30,1579,0.0673828125
13,▁in,30,1850,0.0888671875
13,▁in,30,1960,0.08544921875
13,▁in,30,2787,0.07861328125
13,▁in,30,3284,0.076171875
13,▁in,30,2078,0.0751953125
13,▁in,30,1548,0.0732421875
13,▁in,30,3164,0.07177734375
13,▁in,30,2658,0.06982421875
13,▁in,30,28,0.0693359375
13,▁in,30,697,0.0693359375
14,▁JavaScript,30,900,0.08544921875
14,▁JavaScript,30,1202,0.078125
14,▁JavaScript,30,187,0.072265625
14,▁JavaScript,30,3767,0.06640625
14,▁JavaScript,30,1395,0.06640625
14,▁JavaScript,30,1497,0.06640625
14,▁JavaScript,30,1495,0.0654296875
14,▁JavaScript,30,920,0.0654296875
14,▁JavaScript,30,2737,0.06494140625
14,▁JavaScript,30,110,0.06396484375
15,▁and,30,728,0.0849609375
15,▁and,30,477,0.08251953125
15,▁and,30,2078,0.07958984375
15,▁and,30,1558,0.07861328125
15,▁and,30,1691,0.07666015625
15,▁and,30,1210,0.07177734375
15,▁and,30,1005,0.06982421875
15,▁and,30,4032,0.0693359375
15,▁and,30,1686,0.0693359375
15,▁and,30,782,0.06884765625
16,▁PHP,30,2397,0.0830078125
16,▁PHP,30,335,0.07861328125
16,▁PHP,30,1270,0.078125
16,▁PHP,30,678,0.07666015625
16,▁PHP,30,105,0.0751953125
16,▁PHP,30,3202,0.07373046875
16,▁PHP,30,4090,0.07177734375
16,▁PHP,30,45,0.06982421875
16,▁PHP,30,3442,0.0693359375
16,▁PHP,30,477,0.06884765625
17,▁for,30,3524,0.0693359375
17,▁for,30,2279,0.06884765625
17,▁for,30,2044,0.06884765625
17,▁for,30,2397,0.068359375
17,▁for,30,1624,0.0673828125
17,▁for,30,973,0.06689453125
17,▁for,30,1743,0.06689453125
17,▁for,30,728,0.06689453125
17,▁for,30,1470,0.0654296875
17,▁for,30,3406,0.064453125
18,▁academic,30,2583,0.0888671875
18,▁academic,30,1624,0.08203125
18,▁academic,30,427,0.07958984375
18,▁academic,30,2702,0.07763671875
18,▁academic,30,3228,0.07568359375
18,▁academic,30,2397,0.07421875
18,▁academic,30,3476,0.07373046875
18,▁academic,30,2488,0.07275390625
18,▁academic,30,1098,0.07177734375
18,▁academic,30,148,0.07080078125
19,▁analysis,30,1659,0.0869140625
19,▁analysis,30,2583,0.08349609375
19,▁analysis,30,1483,0.0810546875
19,▁analysis,30,3772,0.0810546875
19,▁analysis,30,2506,0.080078125
19,▁analysis,30,3101,0.07763671875
19,▁analysis,30,3575,0.07421875
19,▁analysis,30,1821,0.0732421875
19,▁analysis,30,2064,0.07275390625
19,▁analysis,30,39,0.072265625
20,?,30,114,0.07373046875
20,?,30,2000,0.06884765625
20,?,30,1048,0.068359375
20,?,30,2418,0.0673828125
20,?,30,1052,0.06640625
20,?,30,1061,0.06591796875
20,?,30,2295,0.0654296875
20,?,30,3804,0.06396484375
20,?,30,1470,0.06396484375
20,?,30,361,0.0634765625
0,<s>,31,4059,0.5859375
0,<s>,31,1716,0.5703125
0,<s>,31,941,0.53515625
0,<s>,31,2053,0.51953125
0,<s>,31,1577,0.5078125
0,<s>,31,3768,0.494140625
0,<s>,31,2290,0.47265625
0,<s>,31,38,0.46484375
0,<s>,31,716,0.4375
0,<s>,31,2199,0.41015625
1,▁Can,31,1334,1.0546875
1,▁Can,31,1112,1.046875
1,▁Can,31,1855,1.0078125
1,▁Can,31,1904,0.98828125
1,▁Can,31,924,0.9609375
1,▁Can,31,2428,0.9609375
1,▁Can,31,2361,0.9453125
1,▁Can,31,2387,0.90234375
1,▁Can,31,848,0.85546875
1,▁Can,31,1964,0.85546875
2,▁you,31,38,1.8671875
2,▁you,31,3066,1.8203125
2,▁you,31,846,1.640625
2,▁you,31,841,1.5859375
2,▁you,31,2387,1.515625
2,▁you,31,3445,1.453125
2,▁you,31,1003,1.453125
2,▁you,31,130,1.40625
2,▁you,31,1444,1.390625
2,▁you,31,2636,1.3671875
3,▁provide,31,3066,2.140625
3,▁provide,31,2428,2.0625
3,▁provide,31,643,1.8671875
3,▁provide,31,3402,1.6171875
3,▁provide,31,2387,1.578125
3,▁provide,31,3924,1.5
3,▁provide,31,118,1.4921875
3,▁provide,31,2650,1.4765625
3,▁provide,31,3640,1.4765625
3,▁provide,31,4042,1.453125
4,▁an,31,3066,1.8203125
4,▁an,31,978,1.7421875
4,▁an,31,3924,1.6796875
4,▁an,31,3161,1.6171875
4,▁an,31,2012,1.5390625
4,▁an,31,2273,1.4921875
4,▁an,31,1671,1.4296875
4,▁an,31,4042,1.4296875
4,▁an,31,721,1.421875
4,▁an,31,3698,1.3828125
5,▁overview,31,652,1.515625
5,▁overview,31,841,1.4296875
5,▁overview,31,1150,1.421875
5,▁overview,31,3962,1.28125
5,▁overview,31,288,1.2578125
5,▁overview,31,1282,1.234375
5,▁overview,31,3402,1.2109375
5,▁overview,31,1995,1.203125
5,▁overview,31,3250,1.203125
5,▁overview,31,2650,1.1953125
6,▁of,31,2585,1.8046875
6,▁of,31,652,1.7734375
6,▁of,31,2290,1.65625
6,▁of,31,3698,1.6015625
6,▁of,31,2148,1.5703125
6,▁of,31,3768,1.546875
6,▁of,31,38,1.4140625
6,▁of,31,379,1.375
6,▁of,31,1146,1.296875
6,▁of,31,3640,1.2734375
7,▁C,31,2713,1.4921875
7,▁C,31,1992,1.4453125
7,▁C,31,3055,1.421875
7,▁C,31,1703,1.3671875
7,▁C,31,2749,1.359375
7,▁C,31,291,1.359375
7,▁C,31,1605,1.3203125
7,▁C,31,3423,1.3203125
7,▁C,31,2361,1.3203125
7,▁C,31,3821,1.3125
8,SR,31,3423,1.609375
8,SR,31,491,1.5
8,SR,31,380,1.34375
8,SR,31,3311,1.3359375
8,SR,31,1002,1.2578125
8,SR,31,1842,1.2421875
8,SR,31,216,1.171875
8,SR,31,1918,1.1484375
8,SR,31,3921,1.140625
8,SR,31,211,1.1171875
9,F,31,2982,1.453125
9,F,31,3027,1.453125
9,F,31,491,1.3046875
9,F,31,1855,1.1953125
9,F,31,2399,1.1875
9,F,31,1165,1.1328125
9,F,31,728,1.125
9,F,31,2652,1.1171875
9,F,31,205,1.109375
9,F,31,3459,1.1015625
10,▁explo,31,2982,1.375
10,▁explo,31,3038,1.28125
10,▁explo,31,147,1.265625
10,▁explo,31,1890,1.1953125
10,▁explo,31,3682,1.1796875
10,▁explo,31,1919,1.15625
10,▁explo,31,541,1.140625
10,▁explo,31,3655,1.1171875
10,▁explo,31,1442,1.109375
10,▁explo,31,2290,1.1015625
11,itation,31,2982,1.703125
11,itation,31,205,1.5625
11,itation,31,3397,1.53125
11,itation,31,3402,1.453125
11,itation,31,541,1.296875
11,itation,31,1421,1.28125
11,itation,31,1855,1.2421875
11,itation,31,3027,1.21875
11,itation,31,2970,1.1953125
11,itation,31,1165,1.171875
12,▁risks,31,491,1.6796875
12,▁risks,31,3402,1.5234375
12,▁risks,31,1282,1.4296875
12,▁risks,31,2582,1.3984375
12,▁risks,31,1421,1.3515625
12,▁risks,31,288,1.3359375
12,▁risks,31,3266,1.3203125
12,▁risks,31,1165,1.3203125
12,▁risks,31,1769,1.296875
12,▁risks,31,2001,1.265625
13,▁in,31,2982,1.3828125
13,▁in,31,2955,1.3203125
13,▁in,31,1855,1.296875
13,▁in,31,2148,1.28125
13,▁in,31,2137,1.28125
13,▁in,31,853,1.234375
13,▁in,31,3066,1.2109375
13,▁in,31,3283,1.1796875
13,▁in,31,1506,1.1640625
13,▁in,31,1736,1.1484375
14,▁JavaScript,31,1855,1.6171875
14,▁JavaScript,31,1836,1.3125
14,▁JavaScript,31,288,1.2421875
14,▁JavaScript,31,1600,1.2109375
14,▁JavaScript,31,2137,1.1953125
14,▁JavaScript,31,3636,1.1875
14,▁JavaScript,31,3397,1.171875
14,▁JavaScript,31,780,1.1640625
14,▁JavaScript,31,1932,1.15625
14,▁JavaScript,31,2955,1.15625
15,▁and,31,205,1.6875
15,▁and,31,1855,1.390625
15,▁and,31,1171,1.3125
15,▁and,31,3083,1.2421875
15,▁and,31,3369,1.2265625
15,▁and,31,2744,1.1875
15,▁and,31,397,1.171875
15,▁and,31,3402,1.15625
15,▁and,31,1470,1.15625
15,▁and,31,2790,1.140625
16,▁PHP,31,3402,1.5703125
16,▁PHP,31,2970,1.5234375
16,▁PHP,31,288,1.484375
16,▁PHP,31,2982,1.421875
16,▁PHP,31,1855,1.4140625
16,▁PHP,31,2308,1.25
16,▁PHP,31,3731,1.234375
16,▁PHP,31,550,1.1328125
16,▁PHP,31,1097,1.125
16,▁PHP,31,1808,1.125
17,▁for,31,2183,1.3984375
17,▁for,31,1855,1.296875
17,▁for,31,1808,1.2578125
17,▁for,31,2982,1.25
17,▁for,31,3077,1.203125
17,▁for,31,2090,1.1875
17,▁for,31,2148,1.171875
17,▁for,31,1622,1.1640625
17,▁for,31,303,1.15625
17,▁for,31,3083,1.125
18,▁academic,31,3645,1.3515625
18,▁academic,31,1145,1.3046875
18,▁academic,31,941,1.2265625
18,▁academic,31,841,1.203125
18,▁academic,31,1622,1.140625
18,▁academic,31,974,1.125
18,▁academic,31,3066,1.125
18,▁academic,31,3687,1.1171875
18,▁academic,31,432,1.1171875
18,▁academic,31,1967,1.1015625
19,▁analysis,31,1145,1.453125
19,▁analysis,31,2982,1.3671875
19,▁analysis,31,1716,1.3515625
19,▁analysis,31,1150,1.2734375
19,▁analysis,31,554,1.25
19,▁analysis,31,491,1.1953125
19,▁analysis,31,2035,1.1796875
19,▁analysis,31,2992,1.1484375
19,▁analysis,31,2575,1.125
19,▁analysis,31,288,1.1015625
20,?,31,205,2.0
20,?,31,1495,1.640625
20,?,31,3397,1.578125
20,?,31,4059,1.5625
20,?,31,2399,1.4609375
20,?,31,1097,1.4453125
20,?,31,1964,1.40625
20,?,31,1758,1.3671875
20,?,31,2982,1.3515625
20,?,31,3039,1.3515625
